{
  "cacheBootResources": true,
  "config": [ ],
  "debugBuild": false,
  "entryAssembly": "SnmlApp6",
  "icuDataMode": 0,
  "linkerEnabled": true,
  "resources": {
    "assembly": {
      "Microsoft.AspNetCore.Components.dll": "sha256-wPEowIpj2zYIHYkQ23oSIxzKysapk41Noww\/jQSY6Hc=",
      "Microsoft.AspNetCore.Components.Web.dll": "sha256-lLeAAdXYR99eecPiAQOdsoHhleI8Ws+b2Jh\/3KOESAE=",
      "Microsoft.AspNetCore.Components.WebAssembly.dll": "sha256-qLRev3iQ8+ob2712HwRtFUJchqBHMqm+gr9bbFz7t14=",
      "Microsoft.Extensions.Configuration.Abstractions.dll": "sha256-zhFtW4kE16TdrpPne9I1Cu9o0KYzrS50VE9MVSifJg4=",
      "Microsoft.Extensions.Configuration.dll": "sha256-QPR+1IXNcA28b\/gXw3uZ8aRigHIZUJ1KWSH02kkCg7Q=",
      "Microsoft.Extensions.Configuration.Json.dll": "sha256-fF3xaP+hT6R3GYUctLIY1ixaXQ8mrHzwWHHf2dKfueU=",
      "Microsoft.Extensions.DependencyInjection.Abstractions.dll": "sha256-u27ai34x5Kgqkc1MB1vZQACR6PI\/ycmzYDDxjbxtA6g=",
      "Microsoft.Extensions.DependencyInjection.dll": "sha256-pYDNELbgbO60zgvgH5SP8004wkA0+o\/KlQxFXl\/uS2A=",
      "Microsoft.Extensions.Logging.Abstractions.dll": "sha256-sb0qnPPjHcm1e3ipvksd0L7gQWmMvWdn7xmUkp+Cqzk=",
      "Microsoft.Extensions.Logging.dll": "sha256-aj8Tk1BLrOE4y41oBvw\/VGDdmvACVEpGmiEDNrA7Hco=",
      "Microsoft.Extensions.Options.dll": "sha256-eZmnmowgP5leOxVRX6H1YZim4pQMB8QipOnBJ2aowWU=",
      "Microsoft.Extensions.Primitives.dll": "sha256-YColTWA58whC+8aBjv1O7HgsyYrbHTba601EkNDWAlo=",
      "Microsoft.JSInterop.dll": "sha256-qAkdW9lpOxuToI9wOq2Liu3mqceR2fdv+cVOAwBcNqU=",
      "Microsoft.JSInterop.WebAssembly.dll": "sha256-\/t0kGPO3Nt2TXo3rZz7S7wLoXxNakPKcEBdbVyyFlWo=",
      "SnmlApp6.dll": "sha256-JRv2tuKeb9YMXJyB02UovX9hyBzqYXLii+kASlvEaXw=",
      "System.Collections.Concurrent.dll": "sha256-hGhgu\/OS\/8+hJZ6imA9Og15rFiJ++eaGKY+K1Nc6tWc=",
      "System.Collections.dll": "sha256-K7gc5Abi5IWqw6eILawCtFm8KdV12iTab1+IZsz4iOg=",
      "System.ComponentModel.dll": "sha256-xPl13TsFTPZZhDa4WyYTkzfZSBm0UXve\/NnDagg5oDs=",
      "System.Memory.dll": "sha256-9rxzDR79r78TwEsoGDhNp1iKoNZCFSpqCiDTo5Gjd1M=",
      "System.Net.Http.dll": "sha256-PSECA891b+1MDB8XZdJ4gqFe\/vmQwhjsPWzVbhaOSSE=",
      "System.Net.Http.Json.dll": "sha256-R2jvaVevw8oTrmpbqGrSa5WoojPECcUdZrxXRFwKYVE=",
      "System.Net.Primitives.dll": "sha256-7JvyUz6WjAx6xyskxmRle2MBDJnSSnJbfDT2IniDwuE=",
      "System.Private.CoreLib.dll": "sha256-v97FMQL4qKKIi77\/wWt5LC6VPXiQm5yMCfJMNlYVAWM=",
      "System.Private.Runtime.InteropServices.JavaScript.dll": "sha256-RndJ3RIrM9U2ajoo7sKDU1i652S2N\/ChKtFPsSV1VRM=",
      "System.Private.Uri.dll": "sha256-8Uy\/Ee2Ycv4Rc4YHXXmZCP6LvT6u4vno6ZP4EZEdQ7E=",
      "System.Runtime.CompilerServices.Unsafe.dll": "sha256-3jnPxBda2nhaRyaPmdM6MLzMcar8slYE9QCZRTpsswQ=",
      "System.Runtime.dll": "sha256-ugn9V27UM37lbRogltB0iueK0rMjWPKpwKWXiF40+9o=",
      "System.Text.Encodings.Web.dll": "sha256-YzMdXtB4qiVZw\/kTy0U8HXrPcvrzgfxm8px4fV0aEm4=",
      "System.Text.Json.dll": "sha256-mnJ7MND6I6ySo6fTk4q0hZTXDw8KSdcgYQyHO2GsHAc="
    },
    "extensions": null,
    "lazyAssembly": null,
    "libraryInitializers": null,
    "pdb": null,
    "runtime": {
      "dotnet.6.0.4.sirwl6jig9.js": "sha256-WYno\/cK5MDsl5yi4T\/\/QgUskbBfhLL77i+c0uKzO9+c=",
      "dotnet.timezones.blat": "sha256-IAZQkATPLfknBs7WdmI3T1SiL6xDp4WjMEnYenpVpcE=",
      "dotnet.wasm": "sha256-dUtbJm\/zyNmS2uJGdTt76aKjRCAfIqtbSbEiD8NVMJ8=",
      "icudt.dat": "sha256-Zuq0dWAsBm6\/2lSOsz7+H9PvFaRn61KIXHMMwXDfvyE=",
      "icudt_CJK.dat": "sha256-WPyI4hWDPnOw62Nr27FkzGjdbucZnQD+Ph+GOPhAedw=",
      "icudt_EFIGS.dat": "sha256-4RwaPx87Z4dvn77ie\/ro3\/QzyS+\/gGmO3Y\/0CSAXw4k=",
      "icudt_no_CJK.dat": "sha256-OxylFgLJlFqixsj+nLxYVsv5iZLvfIKMpLf9hrWaChA="
    },
    "satelliteResources": null
  }
}